{
  "users": [
    {
      "id": 1,
      "email": "john.doe@example.com",
      "password": "password123",
      "firstName": "John",
      "lastName": "Doe",
      "location": "New York",
      "mobileNumber": "1234567890"
    },
    {
      "id": 2,
      "email": "jane.smith@example.com",
      "password": "password456",
      "firstName": "Jane",
      "lastName": "Smith",
      "location": "Los Angeles",
      "mobileNumber": "0987654321"
    }
  ],
  "products": [
    {
      "id": 101,
      "name": "Laptop",
      "description": "A powerful gaming laptop",
      "manufacturer": "Tech Corp",
      "manufacturingDate": "2024-01-10",
      "price": 1200,
      "quantity": 10
    },
    {
      "id": 102,
      "name": "Smartphone",
      "description": "Latest smartphone with 5G",
      "manufacturer": "Mobile Inc",
      "manufacturingDate": "2024-02-15",
      "price": 800,
      "quantity": 25
    }
  ]
}